id,first_name,last_name,email,gender,ip_address
1,Harold,Weller,hweller0@vistaprint.com,Male,7.113.84.16
2,Danit,Molan,dmolan1@comcast.net,Female,181.76.120.75
3,Ruben,Brimblecomb,rbrimblecomb2@ft.com,Polygender,13.255.136.110
4,Elmira,Fawkes,efawkes3@vkontakte.ru,Non-binary,233.236.137.200
5,Nicolai,Lenchenko,nlenchenko4@theglobeandmail.com,Male,18.51.98.166
6,Danika,Guwer,dguwer5@ask.com,Agender,215.216.241.181
7,Pascale,MacShirrie,pmacshirrie6@berkeley.edu,Male,153.71.203.169
8,Devlin,Schankel,dschankel7@chronoengine.com,Male,149.203.181.11
9,Benny,Bott,bbott8@columbia.edu,Male,12.181.75.6
10,Fan,Sancraft,fsancraft9@uol.com.br,Female,98.217.213.70
11,Deanne,Motto,dmottoa@hibu.com,Female,34.229.145.205
12,Astra,Beckley,abeckleyb@twitpic.com,Female,176.132.60.174
13,Paige,Butters,pbuttersc@nydailynews.com,Male,71.182.47.143
14,Gene,Ucchino,gucchinod@ycombinator.com,Female,35.140.232.95
15,Nickey,Blunsum,nblunsume@bloglovin.com,Male,69.252.180.89
16,Gale,Audus,gaudusf@comsenz.com,Female,14.70.210.170
17,Cal,Filippucci,cfilippuccig@lycos.com,Female,172.94.24.64
18,Grata,Yeiles,gyeilesh@alibaba.com,Female,248.85.167.53
19,Dagmar,Cleghorn,dcleghorni@china.com.cn,Female,110.101.75.94
20,Bondie,Spear,bspearj@gmpg.org,Male,115.182.215.37
21,Rolfe,Oggers,roggersk@naver.com,Agender,184.129.177.241
22,Brandais,Shippard,bshippardl@squarespace.com,Female,194.169.25.102
23,Jessa,Foulcher,jfoulcherm@wix.com,Female,230.197.55.3
24,Melantha,Carlyon,mcarlyonn@wufoo.com,Non-binary,70.81.41.24
25,Tiertza,Llorente,tllorenteo@abc.net.au,Female,8.10.218.41
26,Saleem,Oleszcuk,soleszcukp@statcounter.com,Male,20.185.221.91
27,Wittie,Drakers,wdrakersq@icio.us,Male,136.39.80.234
28,Deloria,Tutton,dtuttonr@arstechnica.com,Female,73.160.71.136
29,Brocky,Snodin,bsnodins@issuu.com,Male,29.5.10.134
30,Wallie,Axe,waxet@nbcnews.com,Male,214.118.201.102
31,Lynn,Forseith,lforseithu@oracle.com,Male,173.196.239.100
32,Glenna,Lionel,glionelv@google.com.br,Female,33.147.4.102
33,Rossy,Gleasane,rgleasanew@t-online.de,Male,52.156.160.236
34,Paxton,Romaynes,promaynesx@google.es,Male,20.47.252.185
35,Francene,Yashnov,fyashnovy@arizona.edu,Female,56.85.232.78
36,Warren,Brazil,wbrazilz@example.com,Male,184.52.64.194
37,Hilda,D'Ambrogio,hdambrogio10@webeden.co.uk,Female,51.71.110.4
38,Xena,Heiss,xheiss11@disqus.com,Female,8.182.232.127
39,Adelina,Denisyuk,adenisyuk12@webnode.com,Female,45.114.104.141
40,Gregorio,Gaylard,ggaylard13@etsy.com,Bigender,108.111.85.236
41,Desiri,Evens,devens14@examiner.com,Genderfluid,220.138.54.250
42,Brier,D'Arrigo,bdarrigo15@last.fm,Female,59.50.179.68
43,Tami,Hanratty,thanratty16@reverbnation.com,Female,52.216.20.197
44,Gavra,Coates,gcoates17@123-reg.co.uk,Female,172.135.58.182
45,Torr,Gallear,tgallear18@marketwatch.com,Male,203.242.56.149
46,Charmaine,Scurry,cscurry19@taobao.com,Female,136.66.110.57
47,Ambrose,MacKowle,amackowle1a@hc360.com,Male,217.221.41.91
48,Zena,Bosche,zbosche1b@ask.com,Female,180.164.148.138
49,Terry,Edwick,tedwick1c@biblegateway.com,Male,77.199.191.134
50,Pamelina,Kiendl,pkiendl1d@bravesites.com,Female,24.137.219.246
51,Annemarie,Yellep,ayellep1e@geocities.jp,Female,205.160.251.124
52,Mart,Romanet,mromanet1f@mlb.com,Male,117.112.60.96
53,Suzann,Saberton,ssaberton1g@liveinternet.ru,Female,191.99.26.195
54,Luke,Philippe,lphilippe1h@huffingtonpost.com,Male,45.218.129.78
55,Gannie,Sweetzer,gsweetzer1i@engadget.com,Bigender,232.103.219.48
56,Gallagher,Leipnik,gleipnik1j@unesco.org,Male,142.168.166.138
57,Aleece,Kidds,akidds1k@virginia.edu,Female,55.129.149.106
58,Cariotta,Kynton,ckynton1l@wired.com,Female,229.78.186.43
59,Irving,Wildish,iwildish1m@independent.co.uk,Male,137.195.141.80
60,Ariella,Carbert,acarbert1n@geocities.com,Female,84.29.227.187
61,Darell,Aspland,daspland1o@comcast.net,Female,124.200.6.217
62,Darrel,Cozby,dcozby1p@phpbb.com,Male,79.9.124.12
63,Urbanus,McFadyen,umcfadyen1q@army.mil,Male,174.28.226.167
64,Tildi,Cowling,tcowling1r@ifeng.com,Agender,40.140.167.172
65,Aurlie,Lawman,alawman1s@timesonline.co.uk,Female,157.159.187.36
66,Rolfe,Booker,rbooker1t@tinypic.com,Male,71.223.131.77
67,Joan,Speke,jspeke1u@foxnews.com,Female,219.114.228.141
68,Efren,Swann,eswann1v@feedburner.com,Polygender,83.134.94.222
69,Cynthie,Cod,ccod1w@narod.ru,Female,164.252.173.124
70,Creighton,Redhead,credhead1x@purevolume.com,Male,55.209.157.203
71,Julienne,Doers,jdoers1y@amazon.de,Female,144.132.208.212
72,George,Pellamonuten,gpellamonuten1z@huffingtonpost.com,Male,159.249.157.252
73,Bernardina,Dalgarno,bdalgarno20@123-reg.co.uk,Female,85.140.125.86
74,Ealasaid,Oherlihy,eoherlihy21@dagondesign.com,Female,111.1.206.223
75,Myles,Conre,mconre22@hostgator.com,Male,35.54.156.64
76,Ian,Augur,iaugur23@pen.io,Male,115.181.145.126
77,Isabelita,Ussher,iussher24@sbwire.com,Female,36.131.235.223
78,Mandi,Matoshin,mmatoshin25@printfriendly.com,Female,169.166.161.214
79,Kandy,Slemmonds,kslemmonds26@opera.com,Female,127.78.227.144
80,Olag,Ketch,oketch27@i2i.jp,Male,190.19.243.133
81,Benson,Pirot,bpirot28@furl.net,Male,241.29.58.8
82,Kata,Thunders,kthunders29@mail.ru,Female,129.69.126.159
83,Linnet,Barreau,lbarreau2a@comsenz.com,Female,231.201.137.38
84,Jeffrey,Beades,jbeades2b@sourceforge.net,Male,137.155.224.221
85,Pearline,Clemetts,pclemetts2c@rambler.ru,Female,232.74.74.174
86,Cindra,Keems,ckeems2d@nyu.edu,Female,152.127.13.12
87,Orville,Dyer,odyer2e@cornell.edu,Bigender,141.163.242.114
88,Rickard,St. John,rstjohn2f@google.cn,Male,38.31.157.213
89,Simone,Gatward,sgatward2g@elpais.com,Female,90.39.121.230
90,Ashely,Murkus,amurkus2h@mit.edu,Female,113.42.233.255
91,Douglass,Ovill,dovill2i@studiopress.com,Male,156.60.70.152
92,Udale,Anstice,uanstice2j@amazon.co.uk,Male,255.245.105.84
93,Thorin,Orthmann,torthmann2k@cbsnews.com,Male,243.47.35.215
94,Tad,Scanderet,tscanderet2l@blogs.com,Male,71.172.210.237
95,Hubie,Kobierski,hkobierski2m@who.int,Male,101.194.202.93
96,Haily,Crownshaw,hcrownshaw2n@skype.com,Male,123.116.116.78
97,Elisha,Stogill,estogill2o@wix.com,Female,143.208.128.212
98,Michael,Roxburgh,mroxburgh2p@hc360.com,Male,126.38.69.207
99,Kristian,Harrie,kharrie2q@rambler.ru,Male,178.134.168.196
100,Doroteya,Varden,dvarden2r@phoca.cz,Female,250.219.229.110
101,Josefa,Lymer,jlymer2s@dyndns.org,Female,199.39.138.19
102,Willard,Astupenas,wastupenas2t@imdb.com,Male,100.11.253.112
103,Omar,Brinkworth,obrinkworth2u@spiegel.de,Male,143.35.191.45
104,Erinna,Caroline,ecaroline2v@nymag.com,Female,95.124.125.52
105,Margarete,Dmitr,mdmitr2w@cyberchimps.com,Female,120.159.58.119
106,Kelly,Baxill,kbaxill2x@sciencedirect.com,Female,131.96.130.247
107,Hildegaard,McMains,hmcmains2y@netvibes.com,Female,216.58.212.114
108,Dinah,Semble,dsemble2z@newsvine.com,Female,246.165.162.73
109,Tiffanie,Rodda,trodda30@wix.com,Female,6.173.72.59
110,Francois,Wanek,fwanek31@goo.ne.jp,Male,167.223.120.102
111,Inglebert,Keegan,ikeegan32@guardian.co.uk,Male,15.200.149.210
112,Nehemiah,Casellas,ncasellas33@lycos.com,Male,212.246.206.41
113,Vance,Nance,vnance34@dyndns.org,Male,135.11.92.120
114,Hardy,Follos,hfollos35@huffingtonpost.com,Male,220.200.235.241
115,Sumner,Rickards,srickards36@merriam-webster.com,Male,26.41.61.92
116,Guthry,Boam,gboam37@elpais.com,Male,165.66.49.67
117,Vivyanne,Yankishin,vyankishin38@github.com,Female,182.190.151.1
118,Barron,Le Grove,blegrove39@dmoz.org,Male,57.22.39.92
119,Cybil,Fearick,cfearick3a@mapquest.com,Female,87.46.157.135
120,Mattie,Muriel,mmuriel3b@4shared.com,Polygender,154.69.200.82
121,Isaiah,FitzGeorge,ifitzgeorge3c@theglobeandmail.com,Male,33.109.83.2
122,Trev,Rallin,trallin3d@oakley.com,Male,235.143.22.25
123,Krisha,Bartholomew,kbartholomew3e@google.com,Male,213.132.43.171
124,Lyman,Ebsworth,lebsworth3f@scientificamerican.com,Male,249.72.145.168
125,Torrey,Basillon,tbasillon3g@wikimedia.org,Male,3.23.184.72
126,Shannen,Queste,squeste3h@miibeian.gov.cn,Female,52.198.15.186
127,Killy,Jonuzi,kjonuzi3i@cdbaby.com,Male,131.35.125.104
128,Clare,Shelley,cshelley3j@angelfire.com,Male,90.217.211.171
129,Butch,Issacof,bissacof3k@friendfeed.com,Male,208.146.136.191
130,Emmalynne,Stark,estark3l@dagondesign.com,Female,42.96.158.96
131,Selby,Adamovicz,sadamovicz3m@about.me,Male,245.12.54.68
132,Elfrieda,Treske,etreske3n@oaic.gov.au,Female,84.20.77.160
133,Kissiah,Andrag,kandrag3o@un.org,Female,246.174.26.127
134,Georgianna,Foster,gfoster3p@friendfeed.com,Female,158.50.23.21
135,Woody,Jewer,wjewer3q@themeforest.net,Male,209.106.148.232
136,Jaquenette,Filochov,jfilochov3r@edublogs.org,Female,158.240.118.0
137,Salvidor,Hollyman,shollyman3s@vk.com,Male,235.143.0.242
138,Merrile,Muat,mmuat3t@hexun.com,Female,4.129.250.129
139,Dalli,Freeborn,dfreeborn3u@blogs.com,Male,253.241.2.82
140,Adolphus,Desporte,adesporte3v@narod.ru,Male,60.105.30.107
141,Nickolaus,Kaiser,nkaiser3w@cloudflare.com,Male,39.61.9.87
142,Quinta,Bredbury,qbredbury3x@cnn.com,Female,140.198.162.64
143,Margarita,Ruffey,mruffey3y@symantec.com,Female,239.28.244.8
144,Merilee,MacMichael,mmacmichael3z@tiny.cc,Female,106.231.224.220
145,Whittaker,Capenor,wcapenor40@yellowbook.com,Male,96.42.139.61
146,Nevile,Vittori,nvittori41@infoseek.co.jp,Male,129.239.46.155
147,Athena,Petican,apetican42@oracle.com,Female,149.46.96.237
148,Violette,Walliker,vwalliker43@squarespace.com,Genderfluid,15.162.195.208
149,Jinny,McGowran,jmcgowran44@bigcartel.com,Female,249.190.77.191
150,Letizia,Oager,loager45@aol.com,Female,165.223.51.13
151,Augie,Redgrove,aredgrove46@com.com,Male,58.11.49.166
152,Dallas,Halligan,dhalligan47@pagesperso-orange.fr,Polygender,97.110.24.19
153,Sid,Kuschke,skuschke48@guardian.co.uk,Male,51.4.216.56
154,Layney,Eley,leley49@cbc.ca,Female,29.152.5.220
155,Hebert,Tunnick,htunnick4a@joomla.org,Male,169.193.31.150
156,Gretal,Gowlett,ggowlett4b@ucla.edu,Female,19.131.87.80
157,Leanor,Otley,lotley4c@seesaa.net,Female,228.121.177.66
158,Liane,Eplett,leplett4d@blinklist.com,Female,33.116.102.213
159,Roldan,Staining,rstaining4e@ox.ac.uk,Male,95.223.73.37
160,Stephannie,Farlowe,sfarlowe4f@dailymotion.com,Genderqueer,143.147.17.192
161,Corine,Jerrans,cjerrans4g@cpanel.net,Female,40.222.221.6
162,Laney,Silcocks,lsilcocks4h@house.gov,Male,127.233.130.208
163,Reuven,Danhel,rdanhel4i@wordpress.com,Male,44.141.218.210
164,Sofia,Rigden,srigden4j@dagondesign.com,Female,167.40.66.45
165,Lorin,Meadowcraft,lmeadowcraft4k@ameblo.jp,Genderfluid,53.76.237.138
166,Philomena,Middell,pmiddell4l@princeton.edu,Female,107.171.78.96
167,Elisha,Skillman,eskillman4m@sun.com,Female,141.136.28.65
168,Eydie,Cargill,ecargill4n@phoca.cz,Female,91.158.39.108
169,Ina,Cowan,icowan4o@businessinsider.com,Female,11.234.103.151
170,Sayer,Musprat,smusprat4p@nih.gov,Male,56.64.8.202
171,Dorothee,Haynesford,dhaynesford4q@nih.gov,Female,199.121.105.64
172,Charmaine,Espada,cespada4r@nasa.gov,Female,64.195.177.226
173,Wallis,Lisciandro,wlisciandro4s@cmu.edu,Female,12.102.215.28
174,Hagan,Keay,hkeay4t@un.org,Male,67.88.127.174
175,Elfrida,Tatlow,etatlow4u@chicagotribune.com,Female,197.83.154.205
176,Libbi,Cake,lcake4v@posterous.com,Female,33.32.182.34
177,Corbin,Pithie,cpithie4w@msu.edu,Male,241.167.84.219
178,Karilynn,Wontner,kwontner4x@fastcompany.com,Female,195.154.214.172
179,Lucienne,Purnell,lpurnell4y@squidoo.com,Female,159.98.230.133
180,Berke,Wooding,bwooding4z@wufoo.com,Bigender,31.72.253.183
181,Bridget,Ilson,bilson50@cdbaby.com,Female,44.207.78.201
182,Helga,Kingwell,hkingwell51@state.gov,Female,109.107.182.179
183,Susanna,Blees,sblees52@deliciousdays.com,Female,106.2.207.125
184,Tiebold,Stare,tstare53@simplemachines.org,Male,169.12.209.153
185,Mattie,Johnsey,mjohnsey54@typepad.com,Female,172.24.233.7
186,Robb,Attoe,rattoe55@elegantthemes.com,Bigender,101.249.134.129
187,Valerie,Greave,vgreave56@odnoklassniki.ru,Female,81.156.160.196
188,Tybalt,Shakle,tshakle57@purevolume.com,Male,175.114.195.229
189,Ines,Quarry,iquarry58@virginia.edu,Genderqueer,90.69.95.21
190,Atlante,Berridge,aberridge59@mediafire.com,Female,121.2.86.182
191,Catlee,Brounfield,cbrounfield5a@dagondesign.com,Female,93.236.188.200
192,Nathanial,Fresson,nfresson5b@about.me,Male,18.102.33.26
193,Rivalee,Matieu,rmatieu5c@cargocollective.com,Female,2.247.188.237
194,Wenona,Van der Beken,wvanderbeken5d@fda.gov,Female,52.86.133.199
195,Claudia,Langhorn,clanghorn5e@jalbum.net,Female,232.177.245.79
196,Patrizius,Bursnall,pbursnall5f@creativecommons.org,Male,53.80.197.157
197,Francisco,Quig,fquig5g@usda.gov,Male,222.236.225.184
198,Reggie,Oulner,roulner5h@geocities.com,Female,168.50.195.115
199,Sylvester,Alyokhin,salyokhin5i@trellian.com,Male,147.98.192.187
200,Job,Sorbie,jsorbie5j@alexa.com,Male,100.204.134.44
201,Darsey,Cobbold,dcobbold5k@rediff.com,Polygender,100.46.97.87
202,Noak,Harrema,nharrema5l@vimeo.com,Male,8.50.112.52
203,Rabi,Taillant,rtaillant5m@answers.com,Male,34.209.143.227
204,Carly,Kermath,ckermath5n@theglobeandmail.com,Male,150.42.158.217
205,Marjorie,Bretelle,mbretelle5o@blinklist.com,Female,255.27.21.43
206,Carmelia,Paylor,cpaylor5p@google.cn,Female,8.12.166.196
207,Kamillah,Verrick,kverrick5q@boston.com,Female,91.115.6.174
208,Si,Holbie,sholbie5r@zdnet.com,Male,114.93.180.73
209,Margi,Kupke,mkupke5s@live.com,Female,103.155.103.173
210,Nari,Maestrini,nmaestrini5t@exblog.jp,Female,255.133.132.220
211,Atlanta,Borless,aborless5u@geocities.com,Female,26.194.105.196
212,Maurise,Borthe,mborthe5v@youtu.be,Bigender,137.176.132.144
213,Laurie,Imlacke,limlacke5w@acquirethisname.com,Female,124.127.172.13
214,Brandy,Bleazard,bbleazard5x@amazon.co.uk,Bigender,144.180.65.35
215,Salomo,Sarrell,ssarrell5y@slashdot.org,Male,219.28.228.125
216,Keene,Colclough,kcolclough5z@columbia.edu,Male,236.188.8.208
217,Laetitia,Laxton,llaxton60@fc2.com,Female,159.212.4.139
218,Amelina,Zink,azink61@webmd.com,Female,55.68.142.34
219,Archambault,Pires,apires62@bravesites.com,Male,157.168.132.232
220,Jacqui,Milbourne,jmilbourne63@usgs.gov,Female,121.75.125.137
221,Willetta,Wellbank,wwellbank64@usgs.gov,Female,43.230.38.51
222,Zed,Penhaligon,zpenhaligon65@lulu.com,Male,225.170.79.12
223,Evey,Greenalf,egreenalf66@cam.ac.uk,Female,40.171.138.90
224,Malynda,Conibere,mconibere67@dmoz.org,Female,101.187.4.115
225,Doralia,Ackhurst,dackhurst68@economist.com,Female,97.135.252.236
226,Town,Pichan,tpichan69@cam.ac.uk,Male,57.185.41.0
227,Livy,Moses,lmoses6a@free.fr,Female,205.85.209.217
228,Emmott,Cheel,echeel6b@networkadvertising.org,Male,134.45.78.199
229,Cullan,McConaghy,cmcconaghy6c@webmd.com,Male,184.72.17.46
230,Coralyn,De Biasio,cdebiasio6d@amazon.com,Female,61.171.232.143
231,Krispin,Oki,koki6e@nature.com,Male,28.113.39.252
232,Ann-marie,Walkey,awalkey6f@dailymotion.com,Female,3.228.124.43
233,Nathalie,Palphreyman,npalphreyman6g@jugem.jp,Female,83.23.95.213
234,Quinta,MacShirrie,qmacshirrie6h@flickr.com,Female,173.34.167.88
235,Roderic,Riddich,rriddich6i@google.com.hk,Male,63.252.239.108
236,Fraser,Corry,fcorry6j@trellian.com,Male,236.24.242.152
237,Blondie,Hegges,bhegges6k@mediafire.com,Female,225.22.16.219
238,Von,Filby,vfilby6l@behance.net,Male,137.115.41.79
239,Carver,Jermey,cjermey6m@cam.ac.uk,Male,110.80.145.184
240,Jorge,MacPaden,jmacpaden6n@goodreads.com,Male,215.85.120.209
241,Edd,Meritt,emeritt6o@pen.io,Genderqueer,119.109.237.56
242,Petunia,Arpin,parpin6p@home.pl,Female,40.42.126.160
243,Antonin,Morton,amorton6q@lulu.com,Male,62.159.252.141
244,Cariotta,Roach,croach6r@desdev.cn,Female,11.118.84.148
245,Garner,Eldered,geldered6s@about.me,Male,21.69.235.230
246,Lynette,Gillivrie,lgillivrie6t@deliciousdays.com,Female,78.211.14.98
247,Gaston,Hales,ghales6u@usda.gov,Male,160.54.29.175
248,Andonis,Hoppner,ahoppner6v@samsung.com,Male,2.126.218.189
249,Blondell,Fairy,bfairy6w@facebook.com,Female,8.138.7.138
250,Abigael,Vivien,avivien6x@netlog.com,Female,160.62.32.250
251,Estell,Malkin,emalkin6y@mtv.com,Female,114.110.144.89
252,Hayward,Splevin,hsplevin6z@globo.com,Agender,48.122.100.238
253,Toddie,Simeonov,tsimeonov70@alexa.com,Male,40.214.3.165
254,Nikolia,Pedrielli,npedrielli71@google.it,Female,61.29.140.195
255,Colas,Beaby,cbeaby72@hostgator.com,Male,243.191.167.99
256,Glenden,Readitt,greaditt73@nymag.com,Male,31.47.143.246
257,Breena,Welsh,bwelsh74@woothemes.com,Female,206.100.50.82
258,Ludwig,Hanlin,lhanlin75@t.co,Male,236.62.237.121
259,Dorella,Duggen,dduggen76@fotki.com,Female,130.152.186.169
260,Raymund,Matyashev,rmatyashev77@techcrunch.com,Male,5.51.89.43
261,Starr,Raden,sraden78@shareasale.com,Female,212.115.55.73
262,Farrah,Feather,ffeather79@list-manage.com,Genderqueer,220.21.49.81
263,Jewel,Chesterton,jchesterton7a@springer.com,Female,238.67.233.98
264,Britte,Carlens,bcarlens7b@vk.com,Female,223.205.145.86
265,Dari,Abelevitz,dabelevitz7c@nymag.com,Female,85.64.188.174
266,Amber,Alcalde,aalcalde7d@hhs.gov,Female,56.58.72.105
267,Franky,Ragg,fragg7e@msn.com,Male,70.43.20.237
268,Cari,Pybworth,cpybworth7f@accuweather.com,Female,183.121.242.114
269,Gert,Crust,gcrust7g@youku.com,Female,60.133.9.220
270,Vernice,Baxendale,vbaxendale7h@rakuten.co.jp,Female,153.242.55.141
271,Annabal,Gareisr,agareisr7i@nyu.edu,Female,204.72.131.121
272,Lurline,Tuckley,ltuckley7j@shop-pro.jp,Female,76.245.37.179
273,Donielle,Brockett,dbrockett7k@smh.com.au,Female,35.99.85.28
274,Obidiah,Sailor,osailor7l@e-recht24.de,Male,58.4.61.134
275,Kip,Planque,kplanque7m@techcrunch.com,Male,187.49.78.249
276,Ive,Haine,ihaine7n@japanpost.jp,Agender,59.35.180.9
277,Yolanthe,Ream,yream7o@apple.com,Female,243.42.4.172
278,Brew,Westmarland,bwestmarland7p@desdev.cn,Male,239.191.171.83
279,Lilllie,Roggerone,lroggerone7q@marketwatch.com,Female,194.95.111.174
280,Jenelle,Rodriguez,jrodriguez7r@thetimes.co.uk,Female,130.29.148.163
281,Rog,Younie,ryounie7s@vinaora.com,Male,47.228.253.86
282,Karoly,Chitham,kchitham7t@answers.com,Male,18.197.50.192
283,Natalee,Lisamore,nlisamore7u@bing.com,Female,36.54.190.32
284,Salomon,Gristock,sgristock7v@elegantthemes.com,Male,89.140.28.36
285,Pen,Tillett,ptillett7w@a8.net,Male,152.111.248.165
286,Kile,Foynes,kfoynes7x@storify.com,Male,204.252.206.185
287,Paulina,Prujean,pprujean7y@aol.com,Female,107.102.152.128
288,Giana,Peche,gpeche7z@amazon.com,Female,36.163.237.80
289,Ozzy,Veschambes,oveschambes80@shinystat.com,Male,58.233.68.78
290,Emmanuel,Boddis,eboddis81@dropbox.com,Male,88.215.242.130
291,Olivie,Warin,owarin82@hhs.gov,Female,58.4.229.140
292,Germain,Doodney,gdoodney83@so-net.ne.jp,Female,216.155.70.34
293,Guillaume,Jecock,gjecock84@gmpg.org,Male,186.101.99.53
294,Kile,Load,kload85@seesaa.net,Male,28.138.153.246
295,Teri,Marmion,tmarmion86@bigcartel.com,Female,15.71.76.38
296,Consuelo,Depper,cdepper87@opera.com,Female,212.183.64.97
297,Debor,O'Sheerin,dosheerin88@jugem.jp,Female,57.90.206.124
298,Zonda,Langmuir,zlangmuir89@blog.com,Female,203.129.94.199
299,Reuben,Fridaye,rfridaye8a@usa.gov,Male,159.20.201.148
300,Salomo,Boles,sboles8b@whitehouse.gov,Male,53.122.206.202
301,Jo,Biasioni,jbiasioni8c@netscape.com,Female,82.97.85.11
302,Erek,Hastings,ehastings8d@hatena.ne.jp,Male,207.107.96.226
303,Jo,Chastan,jchastan8e@shop-pro.jp,Female,125.175.145.117
304,Cornie,Folland,cfolland8f@whitehouse.gov,Genderfluid,112.126.189.22
305,Orella,Tuffin,otuffin8g@dailymail.co.uk,Female,143.107.233.171
306,Anneliese,Raigatt,araigatt8h@unesco.org,Female,24.189.168.76
307,Evelyn,Truce,etruce8i@arstechnica.com,Female,26.6.35.31
308,Rorke,Blaszczyk,rblaszczyk8j@sitemeter.com,Male,27.232.59.75
309,Earlie,McLanaghan,emclanaghan8k@hc360.com,Male,168.86.246.48
310,Merry,Comellini,mcomellini8l@ucoz.com,Genderqueer,218.161.66.222
311,Emerson,Ambrois,eambrois8m@woothemes.com,Male,196.8.146.97
312,Claudia,Swateridge,cswateridge8n@clickbank.net,Female,113.200.195.219
313,Cordula,McNiff,cmcniff8o@huffingtonpost.com,Agender,245.236.252.147
314,Jena,Redler,jredler8p@imdb.com,Female,66.64.96.133
315,Rafaelita,Jahn,rjahn8q@netvibes.com,Female,163.53.228.57
316,Elfreda,Cumbes,ecumbes8r@europa.eu,Female,49.231.124.194
317,Jamison,Carrane,jcarrane8s@go.com,Male,113.4.152.200
318,Sol,Hurworth,shurworth8t@digg.com,Male,23.100.70.252
319,Nettie,Mulqueeny,nmulqueeny8u@guardian.co.uk,Female,79.38.92.230
320,Jodi,Farn,jfarn8v@xinhuanet.com,Male,153.158.154.12
321,Nara,Meins,nmeins8w@taobao.com,Female,153.35.222.63
322,Alistair,Franca,afranca8x@vinaora.com,Male,181.158.126.31
323,Pippa,Straneo,pstraneo8y@youtube.com,Non-binary,208.55.0.40
324,Chris,Ferson,cferson8z@deliciousdays.com,Female,49.75.211.124
325,Maurie,Squirrel,msquirrel90@webeden.co.uk,Male,128.84.113.64
326,Selia,Gookey,sgookey91@desdev.cn,Female,62.72.245.185
327,Rudd,Kilner,rkilner92@dell.com,Male,92.234.8.104
328,Karlis,Eddies,keddies93@theguardian.com,Male,152.164.21.36
329,Drusilla,Eddoes,deddoes94@shutterfly.com,Female,114.225.201.155
330,Virgie,Bronot,vbronot95@fotki.com,Female,40.231.118.152
331,Tyler,Hurring,thurring96@exblog.jp,Male,179.68.132.61
332,Dorey,Baldini,dbaldini97@sina.com.cn,Male,91.53.245.200
333,Tedmund,Dinesen,tdinesen98@oracle.com,Male,173.172.58.167
334,Holly,McDavid,hmcdavid99@ihg.com,Male,209.40.189.173
335,Jamil,Filipchikov,jfilipchikov9a@cyberchimps.com,Male,174.44.151.172
336,Orel,Shevlan,oshevlan9b@soup.io,Female,154.218.162.164
337,Guntar,Bilbery,gbilbery9c@cmu.edu,Male,55.238.95.188
338,Johan,De Filippis,jdefilippis9d@un.org,Male,26.179.90.197
339,Shae,Diehn,sdiehn9e@google.com.au,Male,76.29.89.57
340,Jeffy,Orta,jorta9f@technorati.com,Genderqueer,130.62.143.22
341,Wallis,Nann,wnann9g@nih.gov,Male,229.254.179.144
342,Kaleb,Thrasher,kthrasher9h@rambler.ru,Male,147.236.148.74
343,Fredericka,Filson,ffilson9i@photobucket.com,Female,171.8.106.100
344,Madeleine,Attree,mattree9j@slideshare.net,Female,48.11.2.149
345,Jeth,Goymer,jgoymer9k@fda.gov,Male,148.30.82.172
346,Royce,Fathers,rfathers9l@shinystat.com,Male,9.238.80.202
347,Jodee,Fitzpayn,jfitzpayn9m@gravatar.com,Female,44.168.180.215
348,Estele,Deny,edeny9n@gmpg.org,Female,177.125.31.249
349,Isabelle,Doog,idoog9o@un.org,Female,108.203.222.113
350,Cullin,Kingsland,ckingsland9p@sohu.com,Male,251.231.212.44
351,Sarena,Jeffes,sjeffes9q@digg.com,Female,215.0.172.101
352,Emmy,Tregenna,etregenna9r@bandcamp.com,Male,209.31.170.37
353,Sari,Casiroli,scasiroli9s@moonfruit.com,Female,26.219.102.0
354,Evangelina,MacGray,emacgray9t@addthis.com,Female,167.25.146.66
355,Wallie,Cockshott,wcockshott9u@mapy.cz,Female,93.29.80.229
356,Fielding,Emeline,femeline9v@ibm.com,Male,214.95.133.88
357,Brenna,Dulanty,bdulanty9w@printfriendly.com,Female,218.4.161.68
358,Erhard,McGrady,emcgrady9x@springer.com,Male,40.136.57.98
359,Baxter,Klouz,bklouz9y@youtube.com,Male,175.76.239.44
360,Adolph,Giovanitti,agiovanitti9z@huffingtonpost.com,Male,229.73.223.200
361,Bobinette,Marple,bmarplea0@cnn.com,Female,129.71.62.180
362,Marjorie,Sinnock,msinnocka1@jigsy.com,Female,30.142.156.107
363,Tobey,Poole,tpoolea2@alexa.com,Non-binary,47.62.79.34
364,Chad,Ponter,cpontera3@sogou.com,Agender,171.53.78.107
365,Westleigh,Houlahan,whoulahana4@pcworld.com,Male,21.113.245.57
366,Rhodia,Cheater,rcheatera5@networksolutions.com,Bigender,254.173.135.252
367,Pamelina,Mulder,pmuldera6@cnn.com,Female,213.8.140.66
368,Gerrie,Worlidge,gworlidgea7@webs.com,Male,19.106.21.65
369,Elwira,Filyakov,efilyakova8@1und1.de,Female,237.246.193.221
370,Krissy,Grassick,kgrassicka9@icq.com,Female,131.146.38.227
371,Gregoire,Jerams,gjeramsaa@ca.gov,Male,186.17.148.90
372,Lane,Brugman,lbrugmanab@utexas.edu,Male,242.46.10.253
373,Giffard,Stuart,gstuartac@booking.com,Male,8.196.242.174
374,Steffie,Fullerton,sfullertonad@wsj.com,Female,63.86.252.200
375,Ellsworth,Turford,eturfordae@rakuten.co.jp,Male,55.34.202.247
376,Myca,MacCartair,mmaccartairaf@hostgator.com,Male,236.229.149.163
377,Bab,Lubeck,blubeckag@economist.com,Female,9.138.123.49
378,Merna,Garthside,mgarthsideah@bizjournals.com,Non-binary,154.17.10.105
379,Farley,Benn,fbennai@washington.edu,Male,35.53.116.205
380,Sheila,MacChaell,smacchaellaj@tumblr.com,Agender,230.8.107.20
381,Rob,Plowell,rplowellak@shutterfly.com,Male,197.216.137.57
382,Shirlene,Spenceley,sspenceleyal@zdnet.com,Female,199.225.17.57
383,Gelya,Churchman,gchurchmanam@artisteer.com,Female,93.249.130.67
384,Tamarra,Ege,tegean@nydailynews.com,Female,232.105.249.10
385,Emmie,Jaggi,ejaggiao@nature.com,Female,199.209.134.7
386,Kriste,Moffatt,kmoffattap@eventbrite.com,Female,151.220.179.42
387,Valentine,Burr,vburraq@google.co.uk,Male,141.33.156.6
388,Freddie,Soffe,fsoffear@quantcast.com,Female,14.76.102.48
389,Carr,Roof,croofas@usnews.com,Male,124.110.198.178
390,Jessa,Gordge,jgordgeat@tinyurl.com,Female,96.31.27.92
391,Emmalee,Linner,elinnerau@moonfruit.com,Female,109.166.167.162
392,Tyrus,Toghill,ttoghillav@google.ru,Male,38.219.135.184
393,Danita,Tieraney,dtieraneyaw@jiathis.com,Female,104.75.105.143
394,Merlina,Vineall,mvineallax@cnn.com,Female,100.155.151.30
395,Stanford,Milne,smilneay@businesswire.com,Male,24.70.106.255
396,Erda,Robley,erobleyaz@google.fr,Bigender,148.110.135.81
397,Malvina,Pickthorne,mpickthorneb0@elegantthemes.com,Female,134.0.251.84
398,Ulises,Hurst,uhurstb1@netscape.com,Male,90.157.202.34
399,Colas,Abrami,cabramib2@ycombinator.com,Male,31.246.153.105
400,Reider,Sharram,rsharramb3@mail.ru,Male,232.233.211.101
401,Kinsley,Pauluzzi,kpauluzzib4@desdev.cn,Male,213.252.132.237
402,Michaeline,Satford,msatfordb5@narod.ru,Female,32.67.32.24
403,Emelyne,Ianni,eiannib6@bloglovin.com,Female,243.204.55.215
404,Kenton,Orrick,korrickb7@meetup.com,Male,140.144.31.8
405,Pate,Whitwham,pwhitwhamb8@google.com.hk,Male,186.195.53.44
406,Monique,Dotterill,mdotterillb9@aboutads.info,Female,91.189.218.58
407,Johnathon,Longhorn,jlonghornba@tuttocitta.it,Male,120.101.21.238
408,Edwina,Silbert,esilbertbb@tumblr.com,Female,107.28.59.50
409,Bettina,Croose,bcroosebc@nasa.gov,Female,109.48.68.146
410,Karol,Ferencz,kferenczbd@newyorker.com,Female,109.49.232.178
411,Hakeem,Beare,hbearebe@virginia.edu,Male,52.190.253.129
412,Maximo,Pettigrew,mpettigrewbf@economist.com,Male,184.113.193.50
413,Jamesy,Dimock,jdimockbg@deliciousdays.com,Male,154.243.91.190
414,Katya,Schoenrock,kschoenrockbh@homestead.com,Female,228.217.208.217
415,Luciano,Lafflin,llafflinbi@purevolume.com,Male,146.102.202.128
416,Bartram,Brimley,bbrimleybj@skype.com,Male,243.71.62.250
417,Kelly,Menary,kmenarybk@adobe.com,Male,39.5.243.4
418,Jorry,Tiesman,jtiesmanbl@vimeo.com,Female,170.1.161.248
419,Osmund,Willerton,owillertonbm@yahoo.com,Male,197.185.232.72
420,Renault,Maseyk,rmaseykbn@nasa.gov,Male,251.229.24.10
421,Tani,Skala,tskalabo@netlog.com,Female,213.62.65.255
422,Daron,Marris,dmarrisbp@europa.eu,Female,186.250.68.146
423,Brita,Mars,bmarsbq@gravatar.com,Non-binary,5.131.91.204
424,Kelli,Bentick,kbentickbr@t.co,Female,24.244.84.83
425,Babbette,Whitrod,bwhitrodbs@icio.us,Female,128.134.162.249
426,Kasper,Lening,kleningbt@harvard.edu,Male,113.166.60.248
427,Aurie,Grote,agrotebu@friendfeed.com,Polygender,238.12.103.142
428,Arlene,Tadd,ataddbv@imdb.com,Female,156.134.116.17
429,Normy,Donalson,ndonalsonbw@usatoday.com,Male,74.49.126.221
430,Mitzi,Borgne,mborgnebx@sakura.ne.jp,Female,141.2.231.111
431,Dulcia,Trees,dtreesby@nhs.uk,Female,131.43.134.80
432,Millisent,Minkin,mminkinbz@addthis.com,Female,78.33.158.173
433,Ladonna,Armatidge,larmatidgec0@bizjournals.com,Female,27.176.165.171
434,Roxie,Francesco,rfrancescoc1@ftc.gov,Female,236.246.94.117
435,Barny,Drakes,bdrakesc2@clickbank.net,Non-binary,186.234.34.82
436,Cosme,Tomczynski,ctomczynskic3@istockphoto.com,Polygender,26.11.199.57
437,Crawford,Lownie,clowniec4@scientificamerican.com,Male,13.234.35.124
438,Gennie,Ladds,gladdsc5@nsw.gov.au,Female,215.76.16.17
439,Mohandis,Soutar,msoutarc6@pagesperso-orange.fr,Male,30.173.229.255
440,Sax,Kaman,skamanc7@vistaprint.com,Male,238.106.3.199
441,Dare,Pagden,dpagdenc8@altervista.org,Male,9.76.225.139
442,Susannah,Cready,screadyc9@sourceforge.net,Female,25.23.155.68
443,Adele,Sclanders,asclandersca@amazon.co.uk,Female,66.218.136.33
444,Howard,Sharper,hsharpercb@ucoz.ru,Male,66.246.214.168
445,Traci,Lesper,tlespercc@mapquest.com,Female,220.228.2.142
446,Laird,Meir,lmeircd@usda.gov,Male,123.89.155.121
447,Gottfried,McKain,gmckaince@princeton.edu,Male,64.35.236.104
448,Zaria,Smiths,zsmithscf@sbwire.com,Bigender,117.246.248.200
449,Caralie,Van Waadenburg,cvanwaadenburgcg@yandex.ru,Female,102.223.136.102
450,Fitzgerald,Vautrey,fvautreych@angelfire.com,Male,206.17.87.201
451,Mitchell,Kubalek,mkubalekci@reuters.com,Male,210.111.198.160
452,Cortie,Dykins,cdykinscj@yale.edu,Male,180.101.254.69
453,Godfry,Scola,gscolack@last.fm,Male,34.251.174.18
454,Aristotle,O'Hartigan,aohartigancl@woothemes.com,Non-binary,91.253.235.3
455,Lynnet,Brinsford,lbrinsfordcm@typepad.com,Female,210.139.33.190
456,Elwood,Schimann,eschimanncn@dedecms.com,Male,136.182.44.154
457,Maude,McLeman,mmclemanco@weather.com,Female,237.242.98.223
458,Lucinda,Kane,lkanecp@jigsy.com,Female,119.106.144.176
459,Udall,Ishchenko,uishchenkocq@1und1.de,Male,155.26.16.30
460,Rodrique,Realph,rrealphcr@reverbnation.com,Male,61.167.187.85
461,Brenn,Ivanishin,bivanishincs@issuu.com,Female,16.23.141.89
462,Teodoor,Strahan,tstrahanct@nih.gov,Male,195.57.22.123
463,Ervin,Leverage,eleveragecu@slate.com,Male,251.31.115.160
464,Ceil,Rountree,crountreecv@statcounter.com,Non-binary,136.16.85.69
465,Zak,Elliff,zelliffcw@qq.com,Male,141.245.57.6
466,Gordan,Canadas,gcanadascx@mac.com,Male,185.200.77.115
467,Armand,Allbones,aallbonescy@mit.edu,Male,191.170.16.59
468,Riley,Cobbled,rcobbledcz@gov.uk,Male,255.100.123.193
469,Lancelot,Spire,lspired0@comcast.net,Male,105.77.204.189
470,Laney,Cordeix,lcordeixd1@soundcloud.com,Male,235.132.218.200
471,Blondy,Yewdall,byewdalld2@storify.com,Female,78.20.100.138
472,Berti,Gergler,bgerglerd3@gizmodo.com,Male,221.83.33.122
473,Gris,Ripper,gripperd4@webs.com,Male,217.99.117.226
474,Nikos,McRory,nmcroryd5@google.com.br,Male,59.134.22.30
475,Geneva,Larmouth,glarmouthd6@is.gd,Female,247.154.233.236
476,Edgar,Barensky,ebarenskyd7@accuweather.com,Male,143.177.189.50
477,Frankie,Scotti,fscottid8@plala.or.jp,Male,169.235.44.202
478,Kellsie,McSkeagan,kmcskeagand9@issuu.com,Female,80.13.185.207
479,Markus,Gerrans,mgerransda@vistaprint.com,Male,154.221.131.99
480,Babbie,Bergstrand,bbergstranddb@thetimes.co.uk,Female,190.135.21.84
481,Hestia,Harmeston,hharmestondc@elpais.com,Female,97.122.165.176
482,Samson,Rochelle,srochelledd@goodreads.com,Male,241.220.252.219
483,Omar,Billington,obillingtonde@mlb.com,Male,77.52.129.29
484,Mathian,Matschke,mmatschkedf@behance.net,Male,46.254.80.189
485,Moina,Lockart,mlockartdg@soup.io,Female,152.127.48.124
486,Skye,Le Marquis,slemarquisdh@goo.ne.jp,Male,154.211.143.9
487,Mozelle,Garrish,mgarrishdi@webmd.com,Female,185.82.85.144
488,Beverly,Hame,bhamedj@senate.gov,Female,155.140.237.158
489,Lexie,Butrimovich,lbutrimovichdk@usnews.com,Female,127.134.173.173
490,Billye,Emmanuel,bemmanueldl@constantcontact.com,Female,127.103.189.229
491,Devonna,Yurenev,dyurenevdm@yale.edu,Female,23.76.121.170
492,Nerte,Naylor,nnaylordn@shop-pro.jp,Female,117.155.141.248
493,Zollie,Ritch,zritchdo@bandcamp.com,Bigender,65.248.44.90
494,Jodee,Creevy,jcreevydp@google.ru,Female,31.122.49.228
495,Marys,Mougeot,mmougeotdq@zdnet.com,Female,188.80.96.16
496,Ludovico,Kinneir,lkinneirdr@mapquest.com,Male,23.72.169.140
497,Jacynth,Espley,jespleyds@ebay.com,Female,228.146.212.131
498,Clerkclaude,Yellowlea,cyellowleadt@wordpress.org,Agender,165.188.84.84
499,Yalonda,Morshead,ymorsheaddu@mayoclinic.com,Female,123.85.100.3
500,Sunny,Locks,slocksdv@meetup.com,Male,96.72.238.53
501,Leoline,Logue,lloguedw@g.co,Female,110.82.51.233
502,Sayre,Klaaassen,sklaaassendx@fc2.com,Female,189.217.1.95
503,Kristos,Laybourn,klaybourndy@icq.com,Non-binary,82.184.71.104
504,Zebadiah,Lucock,zlucockdz@nhs.uk,Male,194.2.95.204
505,Grant,Gudd,ggudde0@netlog.com,Male,12.133.92.223
506,Worthington,Shervington,wshervingtone1@scribd.com,Male,64.163.150.93
507,Garv,Rocks,grockse2@symantec.com,Male,51.179.0.206
508,Angy,Gibbett,agibbette3@google.com,Female,8.230.208.136
509,Harvey,Pilsbury,hpilsburye4@google.ru,Male,86.246.32.102
510,Wolf,Beldum,wbeldume5@wired.com,Male,218.248.0.86
511,Tami,Pryce,tprycee6@edublogs.org,Female,151.236.4.8
512,Maximilianus,Hutton,mhuttone7@nhs.uk,Male,177.181.220.170
513,Adler,Brewers,abrewerse8@sbwire.com,Polygender,41.163.229.92
514,Alley,Haughin,ahaughine9@sogou.com,Genderqueer,10.177.186.4
515,Maybelle,Shimwell,mshimwellea@vinaora.com,Female,16.136.214.56
516,Linda,Muncey,lmunceyeb@sogou.com,Female,66.89.104.10
517,Hilarius,Arne,harneec@unblog.fr,Male,189.123.57.163
518,Nikolas,Pallas,npallased@pbs.org,Male,161.34.131.186
519,Velvet,Laidlaw,vlaidlawee@dyndns.org,Female,246.189.208.177
520,Cherilynn,Piggott,cpiggottef@home.pl,Female,52.177.94.115
521,Judon,Pawellek,jpawellekeg@admin.ch,Male,81.216.223.150
522,Paolo,Paulitschke,ppaulitschkeeh@free.fr,Male,96.4.173.60
523,Golda,Stredder,gstredderei@networkadvertising.org,Female,137.133.148.76
524,Willette,Ezele,wezeleej@360.cn,Female,238.167.185.140
525,Glori,Adamou,gadamouek@usatoday.com,Polygender,4.90.147.53
526,Wynny,Eadmeades,weadmeadesel@state.gov,Female,209.136.210.177
527,Amandi,Kenwrick,akenwrickem@bandcamp.com,Female,208.16.225.74
528,Harman,Rudge,hrudgeen@nationalgeographic.com,Male,123.11.111.42
529,Teddy,Snaden,tsnadeneo@dagondesign.com,Female,1.224.126.145
530,Olav,Bengall,obengallep@uiuc.edu,Male,137.254.168.79
531,Patsy,Dawby,pdawbyeq@tinyurl.com,Female,108.181.45.152
532,Aurlie,Kimmons,akimmonser@storify.com,Female,55.124.141.33
533,Maximilian,Fabler,mfableres@harvard.edu,Genderfluid,96.134.6.171
534,Mason,Ugoletti,mugolettiet@discovery.com,Male,244.196.39.22
535,Starlin,Baudone,sbaudoneeu@miitbeian.gov.cn,Female,29.131.178.135
536,Mead,Nerheny,mnerhenyev@meetup.com,Male,111.243.243.83
537,Johnathan,Radleigh,jradleighew@arstechnica.com,Male,131.151.150.66
538,Henrietta,D'Adda,hdaddaex@163.com,Female,90.57.31.46
539,Alisha,Brussels,abrusselsey@1und1.de,Female,247.120.33.68
540,Page,Symonds,psymondsez@oracle.com,Female,197.111.12.65
541,Dore,Bottomley,dbottomleyf0@mapy.cz,Male,117.250.83.104
542,Bartlett,Tribell,btribellf1@nhs.uk,Genderqueer,3.224.188.11
543,Elfreda,Markham,emarkhamf2@hatena.ne.jp,Female,236.20.34.40
544,Avie,Pimlett,apimlettf3@sciencedaily.com,Female,31.132.93.103
545,Connie,Loyley,cloyleyf4@nytimes.com,Male,203.134.231.181
546,Dilly,Blood,dbloodf5@ft.com,Male,143.221.80.235
547,Paton,Harrie,pharrief6@alexa.com,Male,65.154.158.218
548,Matthew,Varty,mvartyf7@dailymail.co.uk,Male,11.231.136.199
549,Anatole,Bagge,abaggef8@ted.com,Male,231.12.17.116
550,Yves,Casaroli,ycasarolif9@japanpost.jp,Male,169.190.250.25
551,Herc,Adamolli,hadamollifa@seattletimes.com,Male,232.40.113.241
552,Marwin,Leverington,mleveringtonfb@wufoo.com,Male,127.231.103.249
553,Siouxie,Bellhanger,sbellhangerfc@smugmug.com,Female,104.31.160.214
554,Karly,Johann,kjohannfd@nps.gov,Female,255.202.231.123
555,Shelbi,Stathers,sstathersfe@usnews.com,Female,115.208.52.251
556,Nani,McCourt,nmccourtff@umn.edu,Female,55.79.194.105
557,Gussy,Byforth,gbyforthfg@cloudflare.com,Female,75.136.213.54
558,Belicia,Blasetti,bblasettifh@ovh.net,Genderqueer,114.206.197.226
559,Madlin,Salkild,msalkildfi@dedecms.com,Female,203.55.252.232
560,Noelyn,Danforth,ndanforthfj@nih.gov,Female,2.173.15.203
561,Rand,Barkhouse,rbarkhousefk@usa.gov,Male,55.21.64.233
562,Candice,Rallinshaw,crallinshawfl@hibu.com,Female,234.194.113.76
563,Viviana,Ruggiero,vruggierofm@businessinsider.com,Female,141.51.1.233
564,Harriett,Alpe,halpefn@si.edu,Female,101.59.235.110
565,Elroy,Lintott,elintottfo@discovery.com,Male,165.42.77.1
566,Adams,Tomaello,atomaellofp@boston.com,Genderfluid,212.131.91.223
567,Jamesy,Lever,jleverfq@patch.com,Male,31.67.99.44
568,Oliy,Roelofs,oroelofsfr@webs.com,Bigender,221.72.179.155
569,Sanders,Schwaiger,sschwaigerfs@phoca.cz,Male,236.136.250.118
570,Dianna,Theaker,dtheakerft@sogou.com,Female,95.145.70.204
571,Martainn,Stoacley,mstoacleyfu@statcounter.com,Male,157.65.174.204
572,Kessia,Etuck,ketuckfv@blinklist.com,Female,13.117.238.230
573,Kelley,Feeham,kfeehamfw@webnode.com,Female,186.98.52.170
574,Quint,Iggalden,qiggaldenfx@ustream.tv,Male,131.202.86.46
575,Moyna,Kidson,mkidsonfy@pinterest.com,Female,176.42.72.4
576,Audrey,Stoppe,astoppefz@hostgator.com,Polygender,56.114.74.118
577,Ciel,Sotworth,csotworthg0@statcounter.com,Female,39.246.100.52
578,Sharai,Daymond,sdaymondg1@go.com,Genderqueer,230.102.230.248
579,Olly,Ilive,oiliveg2@netlog.com,Female,70.197.125.21
580,Carma,Firpi,cfirpig3@ow.ly,Female,55.243.113.23
581,Bordie,Gabits,bgabitsg4@ocn.ne.jp,Male,235.74.222.179
582,Laryssa,Mickleburgh,lmickleburghg5@webs.com,Female,219.178.28.94
583,Charlie,Pietersen,cpieterseng6@tinyurl.com,Male,160.216.196.239
584,Rena,Le Franc,rlefrancg7@loc.gov,Female,40.151.74.183
585,Esmeralda,Worviell,eworviellg8@technorati.com,Female,153.62.30.118
586,Nesta,Filippucci,nfilippuccig9@narod.ru,Female,169.9.235.127
587,Tonia,Lere,tlerega@newyorker.com,Female,173.43.180.103
588,Anny,Phifer,aphifergb@diigo.com,Female,208.76.173.148
589,Ara,Alsop,aalsopgc@pen.io,Male,219.26.87.129
590,Albert,Leadbeater,aleadbeatergd@smh.com.au,Male,3.201.242.137
591,Joyan,Kingh,jkinghge@forbes.com,Genderfluid,145.69.252.103
592,Wang,Lamplough,wlamploughgf@dropbox.com,Male,138.79.170.243
593,Roxanne,Gritsaev,rgritsaevgg@wisc.edu,Female,72.102.16.115
594,Ursula,Hammarberg,uhammarberggh@state.gov,Female,222.146.201.34
595,Shannon,Utley,sutleygi@dyndns.org,Male,193.100.56.189
596,Rhody,Pexton,rpextongj@unicef.org,Female,134.120.200.218
597,Alysa,MacCahee,amaccaheegk@so-net.ne.jp,Polygender,190.96.253.76
598,Lana,Moon,lmoongl@360.cn,Female,95.101.177.254
599,Adda,Tibb,atibbgm@smugmug.com,Female,6.7.3.124
600,Belita,Cheek,bcheekgn@bigcartel.com,Female,204.28.4.181
601,Samara,Dolden,sdoldengo@timesonline.co.uk,Female,74.130.116.50
602,Wye,Prickett,wprickettgp@tmall.com,Male,238.118.43.76
603,Grata,Stilwell,gstilwellgq@biblegateway.com,Female,251.149.60.82
604,Amargo,Fritz,afritzgr@google.com.au,Female,33.155.185.11
605,Brandy,Vasquez,bvasquezgs@mlb.com,Male,48.109.202.144
606,Annmarie,Servante,aservantegt@multiply.com,Female,88.235.184.67
607,Anabelle,Alfonsini,aalfonsinigu@google.cn,Female,173.138.235.138
608,Cosetta,Tregona,ctregonagv@linkedin.com,Female,124.241.102.163
609,Tandie,Momford,tmomfordgw@ustream.tv,Female,140.12.67.68
610,Burnaby,Cultcheth,bcultchethgx@dion.ne.jp,Bigender,132.143.81.218
611,Camilla,Dregan,cdregangy@google.ca,Female,140.124.217.134
612,Antoine,Braunton,abrauntongz@pagesperso-orange.fr,Male,136.197.206.99
613,Arte,McKinlay,amckinlayh0@quantcast.com,Male,169.54.250.15
614,Riki,Joplin,rjoplinh1@aol.com,Female,180.250.240.43
615,Toby,Ogley,togleyh2@shop-pro.jp,Genderfluid,123.62.247.39
616,Martie,Hamsley,mhamsleyh3@twitpic.com,Female,41.99.106.202
617,Norris,Greensall,ngreensallh4@ycombinator.com,Male,132.169.128.85
618,Renault,Tommeo,rtommeoh5@nps.gov,Male,93.213.4.74
619,Marten,Jeeks,mjeeksh6@auda.org.au,Male,139.13.227.33
620,Dory,McTavy,dmctavyh7@vkontakte.ru,Male,179.209.22.178
621,Theodore,Kondratyuk,tkondratyukh8@opera.com,Male,147.103.13.252
622,Burke,Shorto,bshortoh9@nymag.com,Male,41.163.102.177
623,Mead,Roote,mrooteha@ft.com,Male,193.43.224.248
624,Rockie,Sexon,rsexonhb@weibo.com,Male,9.167.252.137
625,Bank,Phinn,bphinnhc@soup.io,Male,43.253.78.112
626,Delinda,Barnard,dbarnardhd@devhub.com,Female,163.208.69.58
627,Carroll,Gumary,cgumaryhe@upenn.edu,Male,138.201.6.44
628,Annalee,McGlew,amcglewhf@java.com,Female,76.50.171.134
629,Thibaut,Allsep,tallsephg@arstechnica.com,Male,23.96.59.78
630,Clareta,Tuttle,ctuttlehh@java.com,Female,66.6.197.53
631,Dimitri,MacCurtain,dmaccurtainhi@bandcamp.com,Male,201.85.213.61
632,Marty,Dudleston,mdudlestonhj@mozilla.org,Female,251.48.46.123
633,Jaquelyn,Necrews,jnecrewshk@jalbum.net,Female,207.142.181.67
634,Giles,Wybourne,gwybournehl@google.cn,Male,245.50.251.138
635,Pru,Noble,pnoblehm@umich.edu,Female,239.86.131.36
636,Vincent,Bucky,vbuckyhn@mapquest.com,Male,203.107.241.72
637,Tobe,Brokenshire,tbrokenshireho@opensource.org,Male,45.227.120.24
638,Vevay,Iorizzi,viorizzihp@auda.org.au,Non-binary,27.179.40.87
639,Tommie,Butterfield,tbutterfieldhq@sbwire.com,Female,140.206.2.154
640,Pavla,Monksfield,pmonksfieldhr@wix.com,Female,192.228.84.202
641,Shelby,Bolstridge,sbolstridgehs@lulu.com,Agender,184.159.128.205
642,Maryrose,Pindar,mpindarht@jiathis.com,Female,77.163.209.18
643,Pippa,Edeson,pedesonhu@apple.com,Female,246.88.29.82
644,Denice,Fishley,dfishleyhv@yellowbook.com,Female,201.102.169.26
645,Lucas,Plaxton,lplaxtonhw@mlb.com,Male,141.105.52.124
646,Evered,Yearns,eyearnshx@nyu.edu,Male,122.108.7.196
647,Cathy,Stollmeyer,cstollmeyerhy@addtoany.com,Female,132.169.248.2
648,Berkly,Jackett,bjacketthz@pinterest.com,Male,76.38.142.55
649,Umberto,Zannetti,uzannettii0@netscape.com,Male,73.96.31.124
650,Con,O' Mulderrig,comulderrigi1@issuu.com,Male,90.34.251.188
651,Reade,Gerold,rgeroldi2@mozilla.org,Male,71.19.92.51
652,Camala,Sailer,csaileri3@aboutads.info,Female,52.6.170.195
653,Griffy,Bauer,gbaueri4@liveinternet.ru,Male,17.163.217.31
654,Vittorio,MacTeague,vmacteaguei5@berkeley.edu,Genderfluid,253.10.191.253
655,Dareen,Severs,dseversi6@ed.gov,Female,173.207.68.66
656,Cloe,Scroggins,cscrogginsi7@hostgator.com,Genderfluid,143.23.57.134
657,Othella,Warrilow,owarrilowi8@photobucket.com,Female,100.80.73.58
658,Rudy,Toleman,rtolemani9@comsenz.com,Male,229.223.136.144
659,Fania,Datte,fdatteia@digg.com,Female,48.208.113.60
660,Ashbey,Middlewick,amiddlewickib@pen.io,Male,122.165.86.187
661,Pansy,Bussen,pbussenic@apple.com,Female,172.139.65.68
662,Godfry,Milesap,gmilesapid@skype.com,Male,174.239.30.149
663,Aime,Moughtin,amoughtinie@squarespace.com,Female,225.147.180.163
664,Valentijn,Tall,vtallif@comsenz.com,Male,176.119.47.75
665,Xylina,McClune,xmccluneig@google.fr,Female,237.119.54.153
666,Papagena,Vescovini,pvescoviniih@ow.ly,Female,64.224.201.249
667,Loren,McUre,lmcureii@ehow.com,Female,247.225.164.224
668,Madeline,Rulf,mrulfij@newsvine.com,Polygender,134.120.244.77
669,Andrei,Duiguid,aduiguidik@dropbox.com,Female,192.46.183.145
670,Gloria,Berceros,gbercerosil@squarespace.com,Female,190.205.206.227
671,Lucio,Redgewell,lredgewellim@samsung.com,Male,128.106.225.196
672,Bogey,Defrain,bdefrainin@over-blog.com,Male,153.160.0.168
673,Sibby,Paolozzi,spaolozziio@gravatar.com,Bigender,78.13.235.6
674,Wat,Menhenitt,wmenhenittip@histats.com,Male,12.49.22.168
675,Sophie,Tenby,stenbyiq@wikipedia.org,Female,152.239.41.242
676,Sargent,Mallock,smallockir@youtu.be,Male,69.194.95.229
677,Gayleen,Getty,ggettyis@bravesites.com,Female,69.188.188.66
678,Cly,Winchurch,cwinchurchit@cnn.com,Male,34.31.172.14
679,Danika,Sherrum,dsherrumiu@yelp.com,Female,130.237.247.168
680,Jeannette,Syddie,jsyddieiv@uiuc.edu,Female,91.214.132.248
681,Jeth,Beavington,jbeavingtoniw@multiply.com,Male,105.141.212.66
682,Hart,Gavin,hgavinix@istockphoto.com,Male,167.114.154.199
683,Donnamarie,Van der Brugge,dvanderbruggeiy@senate.gov,Female,87.234.83.211
684,Leesa,Limer,llimeriz@ning.com,Polygender,209.153.187.47
685,Robers,Hapgood,rhapgoodj0@wikia.com,Male,245.140.178.247
686,Dacey,Smeuin,dsmeuinj1@mashable.com,Genderfluid,189.43.203.250
687,Yulma,Maywood,ymaywoodj2@weebly.com,Male,205.99.40.54
688,Mar,Yeandel,myeandelj3@shutterfly.com,Male,230.199.41.228
689,Ray,Frear,rfrearj4@ning.com,Female,131.253.231.210
690,Herman,Salery,hsaleryj5@scientificamerican.com,Male,249.181.230.229
691,Alvina,Measham,ameashamj6@netscape.com,Female,34.75.131.214
692,Saunderson,Sheara,sshearaj7@unesco.org,Male,97.216.133.221
693,Oona,Jeste,ojestej8@last.fm,Female,103.218.204.24
694,Kelly,Olivari,kolivarij9@sakura.ne.jp,Female,80.221.166.69
695,Bobbette,Rarity,brarityja@whitehouse.gov,Female,238.227.198.61
696,Susanne,Doornbos,sdoornbosjb@arstechnica.com,Female,135.67.41.247
697,Corrine,Joly,cjolyjc@wikispaces.com,Female,81.138.231.50
698,Bancroft,Roots,brootsjd@bing.com,Male,228.90.159.80
699,Jess,Alekseev,jalekseevje@nifty.com,Male,193.230.244.204
700,Gertrude,Gorick,ggorickjf@i2i.jp,Female,224.115.148.98
701,Tomlin,Beevor,tbeevorjg@twitpic.com,Male,205.71.134.33
702,Wiatt,Kingsnod,wkingsnodjh@bloglovin.com,Male,137.192.236.142
703,Steward,Lortzing,slortzingji@1und1.de,Male,169.173.31.183
704,Sigismundo,Christaeas,schristaeasjj@thetimes.co.uk,Male,180.159.225.190
705,Kellen,Cumberpatch,kcumberpatchjk@multiply.com,Female,231.78.199.229
706,Evonne,Pinilla,epinillajl@mozilla.com,Female,22.202.219.73
707,Duky,McComiskey,dmccomiskeyjm@imdb.com,Male,61.13.2.80
708,Ray,Rolingson,rrolingsonjn@nifty.com,Female,114.253.215.241
709,Teena,Kermitt,tkermittjo@zdnet.com,Female,220.44.18.138
710,Clay,Dandy,cdandyjp@ihg.com,Male,202.231.225.85
711,Bidget,Safhill,bsafhilljq@psu.edu,Female,84.102.52.93
712,Leonora,Marshalleck,lmarshalleckjr@fotki.com,Female,99.128.95.122
713,Benn,Gass,bgassjs@desdev.cn,Male,152.46.164.66
714,Olly,Neary,onearyjt@jugem.jp,Female,73.162.117.59
715,Catina,Cyples,ccyplesju@123-reg.co.uk,Female,9.248.203.52
716,Beatrice,Veall,bvealljv@yahoo.co.jp,Female,123.113.226.193
717,Farlay,Ryde,frydejw@delicious.com,Male,111.157.168.81
718,Anne,Wadly,awadlyjx@live.com,Female,241.176.8.135
719,Crichton,Viel,cvieljy@spiegel.de,Male,224.170.33.6
720,Reade,Lamble,rlamblejz@google.co.jp,Male,121.22.132.134
721,Lev,Langlais,llanglaisk0@apple.com,Male,0.136.125.103
722,Caterina,Malam,cmalamk1@shareasale.com,Female,78.226.6.16
723,Jacki,Kitching,jkitchingk2@gizmodo.com,Female,233.216.253.134
724,Dalila,Simion,dsimionk3@cloudflare.com,Female,166.237.240.55
725,Mathilde,Houseago,mhouseagok4@livejournal.com,Female,12.90.54.114
726,Murdoch,Courtese,mcourtesek5@usa.gov,Male,50.237.7.202
727,Betsey,Clyant,bclyantk6@is.gd,Genderfluid,54.243.139.181
728,Sarajane,Bannister,sbannisterk7@ucoz.ru,Female,120.218.5.42
729,Nikolia,Dell Casa,ndellcasak8@tamu.edu,Female,119.105.192.42
730,Adelind,Jolley,ajolleyk9@blog.com,Female,119.64.236.4
731,Lockwood,Fermin,lferminka@e-recht24.de,Male,23.38.159.251
732,Robbert,Freer,rfreerkb@samsung.com,Male,97.233.153.27
733,Boot,Werrett,bwerrettkc@deviantart.com,Male,134.176.211.255
734,Andria,Lemmon,alemmonkd@mac.com,Female,3.37.162.227
735,Armand,Blumsom,ablumsomke@fotki.com,Male,150.89.120.165
736,Mathilde,Balthasar,mbalthasarkf@census.gov,Female,3.188.131.169
737,Teddie,Aldrick,taldrickkg@dmoz.org,Female,244.243.64.204
738,Kennith,Renfield,krenfieldkh@instagram.com,Male,208.251.132.26
739,Rab,Mattin,rmattinki@senate.gov,Male,132.11.75.69
740,Valentine,Tebbut,vtebbutkj@wikispaces.com,Male,188.58.248.49
741,Cleopatra,Belloch,cbellochkk@ameblo.jp,Female,118.51.65.168
742,Rosalyn,Dawney,rdawneykl@amazon.co.uk,Female,169.195.186.108
743,Jennee,Crock,jcrockkm@blogtalkradio.com,Female,48.185.11.55
744,Piggy,O'Hartnett,pohartnettkn@gov.uk,Male,181.157.234.121
745,Hanni,Andrini,handriniko@gizmodo.com,Female,49.249.253.121
746,Dame,Petracci,dpetraccikp@w3.org,Male,104.87.9.241
747,Jordon,Wandrack,jwandrackkq@mysql.com,Male,21.223.107.147
748,Nollie,Dewire,ndewirekr@amazon.co.uk,Male,40.156.46.56
749,Chrisse,Martinovsky,cmartinovskyks@51.la,Male,132.36.37.71
750,Marianne,De Meyer,mdemeyerkt@t.co,Female,249.41.216.40
751,Kirstin,Sam,ksamku@symantec.com,Female,114.67.102.74
752,Quintina,Mackness,qmacknesskv@networkadvertising.org,Female,153.65.44.69
753,Lorne,Devanney,ldevanneykw@friendfeed.com,Female,90.233.83.201
754,Kearney,Sollom,ksollomkx@deviantart.com,Male,168.30.156.133
755,Onida,Weeke,oweekeky@redcross.org,Polygender,87.80.105.90
756,Dunn,Melley,dmelleykz@bandcamp.com,Male,53.248.183.245
757,Erwin,Klich,eklichl0@storify.com,Male,38.204.87.225
758,Rawley,Wildber,rwildberl1@is.gd,Male,190.250.0.69
759,Hanan,Shirtcliffe,hshirtcliffel2@smh.com.au,Male,201.152.228.202
760,Tull,Phizacklea,tphizackleal3@github.io,Male,145.110.245.178
761,Daisi,Jarmyn,djarmynl4@ox.ac.uk,Female,100.66.72.176
762,Alexa,Kryska,akryskal5@fda.gov,Female,35.170.30.38
763,Hobart,Aynold,haynoldl6@pinterest.com,Male,86.214.109.46
764,Goldarina,Grebert,ggrebertl7@pcworld.com,Female,5.38.45.124
765,Osbourne,Gayle,ogaylel8@paypal.com,Male,68.208.182.32
766,Beatrice,Prazer,bprazerl9@booking.com,Female,60.19.146.174
767,Obed,Lamar,olamarla@thetimes.co.uk,Male,11.21.182.117
768,Leah,Gatehouse,lgatehouselb@reference.com,Female,86.120.177.188
769,Kaela,Attack,kattacklc@rediff.com,Non-binary,234.162.64.237
770,Vale,Admans,vadmansld@ca.gov,Male,120.22.177.211
771,Yuri,Lehr,ylehrle@multiply.com,Male,168.204.190.165
772,Bernadina,Langworthy,blangworthylf@oakley.com,Female,180.204.37.33
773,Xenos,Espinoza,xespinozalg@desdev.cn,Agender,120.72.91.40
774,Hallie,Aksell,hakselllh@rakuten.co.jp,Female,39.64.236.225
775,Con,Kittiman,ckittimanli@upenn.edu,Male,95.85.17.122
776,Cash,Katz,ckatzlj@themeforest.net,Male,190.207.161.84
777,Allyn,Tweedy,atweedylk@sohu.com,Female,99.130.239.222
778,Raimundo,Cella,rcellall@blog.com,Male,107.15.117.7
779,Rodrique,Pittet,rpittetlm@boston.com,Male,149.175.123.184
780,Juliane,Stockow,jstockowln@naver.com,Female,198.19.129.247
781,Rhett,McAdam,rmcadamlo@arstechnica.com,Male,148.165.179.192
782,Lynnette,Skiplorne,lskiplornelp@sciencedaily.com,Female,32.244.161.63
783,Erhard,Gonzalvo,egonzalvolq@ed.gov,Male,253.135.13.31
784,Sile,Cristofor,scristoforlr@scientificamerican.com,Female,101.40.20.132
785,Hazlett,Boagey,hboageyls@scribd.com,Male,126.40.16.22
786,Kennedy,Ryrie,kryrielt@posterous.com,Male,208.1.137.173
787,Fons,Harris,fharrislu@biglobe.ne.jp,Male,186.135.68.201
788,Tye,Chenery,tchenerylv@istockphoto.com,Male,121.71.92.85
789,Moss,Rohlf,mrohlflw@clickbank.net,Male,120.189.238.36
790,Thor,Lempke,tlempkelx@nature.com,Male,108.247.222.205
791,Svend,Locker,slockerly@drupal.org,Male,104.222.83.182
792,Raul,Steels,rsteelslz@pen.io,Male,14.251.194.32
793,Wilt,Sommerville,wsommervillem0@digg.com,Male,15.12.17.16
794,Cherey,Duncklee,cdunckleem1@xinhuanet.com,Genderqueer,212.100.172.44
795,Gabriel,Guidera,gguideram2@studiopress.com,Male,140.188.173.211
796,Patrizius,Damiral,pdamiralm3@histats.com,Male,240.146.91.77
797,Chickie,Mifflin,cmifflinm4@bbb.org,Bigender,161.137.33.152
798,Padriac,Moreton,pmoretonm5@flavors.me,Male,69.109.76.53
799,Giraldo,Heinert,gheinertm6@marriott.com,Male,32.176.155.236
800,Augustine,Corradeschi,acorradeschim7@wired.com,Male,216.163.32.159
801,Joshuah,Withinshaw,jwithinshawm8@dedecms.com,Male,148.34.62.149
802,Chris,Eskrigge,ceskriggem9@diigo.com,Bigender,25.234.192.40
803,Tab,Pilkington,tpilkingtonma@skype.com,Male,239.100.156.188
804,Trixie,Trowel,ttrowelmb@bbc.co.uk,Female,35.91.219.138
805,Drona,Braga,dbragamc@statcounter.com,Female,233.69.125.233
806,Miles,Thomesson,mthomessonmd@accuweather.com,Male,119.246.219.189
807,Dorri,Ditzel,dditzelme@baidu.com,Female,116.169.41.1
808,Karina,Juza,kjuzamf@phpbb.com,Female,203.4.128.203
809,Tucker,Withers,twithersmg@imgur.com,Male,95.157.22.196
810,Gabriello,Robken,grobkenmh@patch.com,Male,202.93.129.188
811,Birgitta,Keeble,bkeeblemi@mtv.com,Female,99.13.15.114
812,Wynne,Micheu,wmicheumj@ca.gov,Female,157.245.179.143
813,Marj,Face,mfacemk@myspace.com,Female,193.15.172.249
814,Nomi,Dwyr,ndwyrml@newsvine.com,Female,181.117.84.13
815,Malva,Goundry,mgoundrymm@mapy.cz,Female,194.253.31.19
816,Muire,Dart,mdartmn@cpanel.net,Female,80.136.221.0
817,Gertruda,Gillogley,ggillogleymo@soundcloud.com,Non-binary,44.226.145.66
818,Michaella,Parkisson,mparkissonmp@seattletimes.com,Female,24.27.252.117
819,Etheline,Iacovelli,eiacovellimq@tinypic.com,Female,73.17.253.84
820,Ailyn,Saura,asauramr@diigo.com,Female,136.129.93.138
821,Shalna,Woolpert,swoolpertms@sogou.com,Female,40.94.120.219
822,Scott,Chin,schinmt@cocolog-nifty.com,Bigender,1.220.174.97
823,Portia,Geffcock,pgeffcockmu@hatena.ne.jp,Female,83.254.179.25
824,Zelma,Cran,zcranmv@domainmarket.com,Female,68.94.135.193
825,Charlie,Bevis,cbevismw@salon.com,Male,198.76.17.92
826,Timmy,Martinello,tmartinellomx@shutterfly.com,Female,138.147.87.92
827,Cletis,Twinberrow,ctwinberrowmy@ustream.tv,Male,49.255.72.109
828,Aldous,Beaudry,abeaudrymz@booking.com,Male,66.51.216.234
829,Antone,Galsworthy,agalsworthyn0@de.vu,Male,109.226.79.197
830,Nathanael,Duester,nduestern1@comsenz.com,Male,20.158.52.156
831,Cinda,D'Ruel,cdrueln2@gov.uk,Female,51.100.62.127
832,Antonella,Derrell,aderrelln3@cyberchimps.com,Female,246.77.140.222
833,Pascal,Salvage,psalvagen4@dion.ne.jp,Genderfluid,65.87.132.241
834,Faunie,Moule,fmoulen5@scientificamerican.com,Female,211.129.34.149
835,Claire,MacKim,cmackimn6@blog.com,Female,195.190.114.93
836,Kaycee,Catmull,kcatmulln7@dailymail.co.uk,Female,62.181.95.200
837,Sheryl,Guarnier,sguarniern8@miitbeian.gov.cn,Female,142.73.198.130
838,Clara,Brugden,cbrugdenn9@posterous.com,Female,6.217.49.107
839,Bruce,Lismore,blismorena@arizona.edu,Male,198.35.178.15
840,Britney,Nuccii,bnucciinb@yellowbook.com,Female,237.155.56.68
841,Cyndi,Trevallion,ctrevallionnc@jimdo.com,Female,173.183.63.150
842,Link,Alekhov,lalekhovnd@myspace.com,Male,37.135.51.61
843,Jamil,Tiery,jtieryne@prweb.com,Male,84.203.166.90
844,Jules,Balsdone,jbalsdonenf@diigo.com,Bigender,102.51.238.183
845,Brander,Thorius,bthoriusng@intel.com,Male,64.196.137.144
846,Randi,Vanyukov,rvanyukovnh@theatlantic.com,Male,172.245.199.32
847,Glennie,Slatten,gslattenni@trellian.com,Bigender,124.233.191.167
848,Fayina,Watmore,fwatmorenj@woothemes.com,Female,37.89.108.181
849,Eulalie,Ragge,eraggenk@nationalgeographic.com,Bigender,84.132.166.215
850,Matteo,Adrien,madriennl@skype.com,Male,199.242.138.89
851,Aprilette,Coverly,acoverlynm@issuu.com,Female,117.141.225.77
852,Derrick,MacHoste,dmachostenn@wikipedia.org,Male,65.250.68.127
853,Guthry,Arrundale,garrundaleno@apache.org,Male,183.69.243.26
854,Zelig,Hinckley,zhinckleynp@ucla.edu,Male,38.95.149.219
855,Lolly,Pettendrich,lpettendrichnq@mail.ru,Agender,122.234.190.90
856,Kessia,McCorry,kmccorrynr@fastcompany.com,Female,128.170.50.22
857,Hettie,Crayke,hcraykens@tumblr.com,Female,132.254.105.107
858,Man,Vowels,mvowelsnt@163.com,Non-binary,205.66.47.241
859,Susette,De Maine,sdemainenu@furl.net,Female,59.199.131.156
860,Judie,Bulfoot,jbulfootnv@cnet.com,Female,251.80.1.104
861,Martguerita,Bahls,mbahlsnw@1688.com,Female,142.10.211.19
862,Justina,Concklin,jconcklinnx@canalblog.com,Female,14.203.155.55
863,Arni,Iseton,aisetonny@amazon.co.jp,Male,239.147.160.43
864,Moss,Linzey,mlinzeynz@home.pl,Male,98.168.136.233
865,Viviene,Ciardo,vciardoo0@topsy.com,Female,72.178.151.185
866,Emyle,Benoiton,ebenoitono1@cnn.com,Female,97.40.24.89
867,Rem,Giller,rgillero2@tinyurl.com,Bigender,45.124.208.241
868,Julia,Swanton,jswantono3@privacy.gov.au,Female,154.60.7.167
869,Brittaney,Zappel,bzappelo4@lycos.com,Female,141.205.237.226
870,Almira,Rignoldes,arignoldeso5@php.net,Female,14.224.106.49
871,Rouvin,Edmonstone,redmonstoneo6@blogtalkradio.com,Male,89.114.24.101
872,Terra,Lamblin,tlamblino7@xing.com,Female,186.230.245.191
873,Sutton,Stitch,sstitcho8@macromedia.com,Male,113.30.135.56
874,Terrill,Gillam,tgillamo9@google.com.br,Male,207.10.22.209
875,Brigitte,Pinches,bpinchesoa@icq.com,Female,159.132.147.249
876,Cletis,Halfhead,chalfheadob@bigcartel.com,Male,58.212.98.120
877,Shirlene,Kharchinski,skharchinskioc@discuz.net,Agender,102.7.235.227
878,Dena,Sheldrake,dsheldrakeod@wikipedia.org,Female,115.99.240.145
879,Dulcia,Rentilll,drentillloe@netlog.com,Non-binary,73.76.40.142
880,Barnaby,Lodden,bloddenof@theglobeandmail.com,Male,233.25.61.29
881,Missy,Fenna,mfennaog@mayoclinic.com,Female,113.85.200.184
882,Jaymie,Martyns,jmartynsoh@godaddy.com,Male,238.225.217.139
883,Tybie,Cooke,tcookeoi@hhs.gov,Female,213.37.141.225
884,Townsend,Sneden,tsnedenoj@google.nl,Male,13.241.91.44
885,Hortensia,Longman,hlongmanok@drupal.org,Female,196.244.199.45
886,Bank,Browncey,bbrownceyol@ca.gov,Genderqueer,44.155.22.223
887,Caprice,Laycock,claycockom@cdbaby.com,Female,123.10.63.77
888,Marita,Naulty,mnaultyon@state.gov,Female,30.55.182.14
889,Anderson,Darko,adarkooo@newyorker.com,Male,187.33.0.106
890,Kathryne,Giannazzo,kgiannazzoop@sohu.com,Female,219.100.214.206
891,Elayne,Keen,ekeenoq@addthis.com,Female,203.182.134.165
892,Shermy,Haysey,shayseyor@drupal.org,Male,153.247.3.9
893,Agustin,Loudwell,aloudwellos@reuters.com,Male,200.110.217.166
894,Brittan,Abrahamovitz,babrahamovitzot@plala.or.jp,Female,74.100.35.138
895,Odilia,Witcherley,owitcherleyou@washington.edu,Female,73.225.100.47
896,Gray,Dishman,gdishmanov@nhs.uk,Male,247.106.161.65
897,Shannen,Biggar,sbiggarow@businessinsider.com,Female,238.251.169.251
898,Cate,Coulthard,ccoulthardox@google.ca,Female,242.157.149.103
899,Mauricio,Harbage,mharbageoy@booking.com,Male,176.88.14.166
900,Jeffry,Aymes,jaymesoz@homestead.com,Male,242.43.170.63
901,Hagan,Jeromson,hjeromsonp0@soundcloud.com,Male,250.23.195.80
902,Ezequiel,Babalola,ebabalolap1@nba.com,Male,141.167.46.143
903,Cherri,Parrott,cparrottp2@yellowpages.com,Female,140.10.10.230
904,Daphne,Klezmski,dklezmskip3@businessinsider.com,Female,220.78.203.86
905,Hephzibah,McTear,hmctearp4@pagesperso-orange.fr,Female,123.240.68.192
906,Tommy,Beacon,tbeaconp5@ihg.com,Male,225.52.147.224
907,Tess,Sang,tsangp6@ted.com,Female,179.221.101.167
908,Morly,Pakeman,mpakemanp7@constantcontact.com,Male,203.72.51.140
909,Francisca,McElvogue,fmcelvoguep8@theguardian.com,Female,1.126.187.9
910,Jeniffer,Blague,jblaguep9@bluehost.com,Female,31.147.129.141
911,Yul,Blackly,yblacklypa@uiuc.edu,Male,80.78.224.243
912,Chloe,Redhills,credhillspb@clickbank.net,Female,33.68.240.7
913,Eolande,Krojn,ekrojnpc@woothemes.com,Female,212.47.146.238
914,Krissy,Newson,knewsonpd@hugedomains.com,Female,245.92.43.5
915,Carlyle,Nickless,cnicklesspe@xinhuanet.com,Polygender,80.152.104.246
916,Heinrick,Hulstrom,hhulstrompf@multiply.com,Male,140.157.184.111
917,Hermione,Jays,hjayspg@blog.com,Female,207.200.159.246
918,Shelli,Place,splaceph@bravesites.com,Female,162.228.10.138
919,Ibrahim,Van Der Weedenburg,ivanderweedenburgpi@time.com,Male,222.142.112.102
920,Tiphany,Edsell,tedsellpj@t-online.de,Female,9.5.149.227
921,Niel,Rollings,nrollingspk@lycos.com,Non-binary,83.17.30.241
922,Sherlocke,Pyford,spyfordpl@blogger.com,Male,221.150.6.105
923,Lind,Druce,ldrucepm@miibeian.gov.cn,Male,11.47.82.139
924,Vanni,Braga,vbragapn@wikia.com,Polygender,176.177.153.202
925,Morgan,Wain,mwainpo@pbs.org,Female,62.67.126.110
926,Kirby,Gerram,kgerrampp@mozilla.com,Non-binary,89.187.132.222
927,Talbot,Pacquet,tpacquetpq@booking.com,Male,218.193.82.12
928,Randie,Devonport,rdevonportpr@mail.ru,Female,60.142.201.184
929,Brew,Byars,bbyarsps@vk.com,Male,174.228.44.30
930,Kata,Rickett,krickettpt@macromedia.com,Female,43.251.240.0
931,Barnabas,Pilling,bpillingpu@tmall.com,Male,203.25.80.173
932,Meghan,Gomery,mgomerypv@photobucket.com,Agender,144.183.245.180
933,Hazel,Pittman,hpittmanpw@purevolume.com,Female,78.24.3.144
934,Mandy,Sells,msellspx@networksolutions.com,Female,200.207.252.209
935,Morey,McLoney,mmcloneypy@europa.eu,Male,104.112.139.240
936,Ardith,Dance,adancepz@latimes.com,Female,103.180.233.28
937,Merrill,Esland,meslandq0@blogtalkradio.com,Male,232.132.18.84
938,Sergeant,Satterley,ssatterleyq1@army.mil,Male,232.244.150.111
939,Olenolin,Storm,ostormq2@typepad.com,Male,244.130.92.146
940,Caryl,Lambeth,clambethq3@icq.com,Genderqueer,27.142.190.92
941,Shelton,Costen,scostenq4@blogger.com,Male,222.141.253.92
942,Amelie,Bertin,abertinq5@chronoengine.com,Female,98.166.116.51
943,Thaine,Bullene,tbulleneq6@washington.edu,Male,97.232.208.42
944,Bogey,Le Fleming,bleflemingq7@jigsy.com,Male,95.192.121.13
945,Karry,Simonato,ksimonatoq8@statcounter.com,Female,238.26.55.170
946,Ethelred,Downton,edowntonq9@mozilla.org,Male,64.192.170.242
947,Amara,McCart,amccartqa@vinaora.com,Female,177.102.62.208
948,Godard,Etchingham,getchinghamqb@umich.edu,Male,77.190.191.104
949,Nathanial,Fryman,nfrymanqc@fotki.com,Male,4.77.212.160
950,Gaelan,Norvell,gnorvellqd@squarespace.com,Male,208.205.229.15
951,Isak,Folan,ifolanqe@ning.com,Genderfluid,28.95.50.63
952,Cassaundra,Dunbleton,cdunbletonqf@shop-pro.jp,Female,136.206.104.243
953,Eydie,Hallward,ehallwardqg@opera.com,Female,216.100.170.201
954,Brooks,Ruddock,bruddockqh@hexun.com,Male,80.135.58.163
955,Jone,Blackborow,jblackborowqi@sogou.com,Male,161.219.208.4
956,Baxie,Derle,bderleqj@cam.ac.uk,Male,82.161.52.155
957,Merrile,Absolon,mabsolonqk@time.com,Female,134.154.184.248
958,Ruby,Ritchley,rritchleyql@miibeian.gov.cn,Male,93.229.226.45
959,Kasper,Sonier,ksonierqm@cafepress.com,Male,68.103.215.108
960,Tabbie,Davie,tdavieqn@hp.com,Female,168.49.149.27
961,Thomasine,Ellerman,tellermanqo@apple.com,Female,22.160.137.88
962,Atlante,Habbert,ahabbertqp@elegantthemes.com,Female,222.190.142.62
963,Katrina,Upston,kupstonqq@intel.com,Female,81.139.84.211
964,Thia,Kendall,tkendallqr@addtoany.com,Female,86.72.196.215
965,Audrye,Ripping,arippingqs@columbia.edu,Female,79.150.45.28
966,Jeniece,Rowledge,jrowledgeqt@hc360.com,Female,34.182.145.69
967,Ericka,Leates,eleatesqu@bloomberg.com,Female,235.120.24.126
968,Rita,Stoner,rstonerqv@cocolog-nifty.com,Female,179.244.199.233
969,Magdalen,Rollason,mrollasonqw@yahoo.com,Female,13.200.131.231
970,Uriah,Hairesnape,uhairesnapeqx@virginia.edu,Male,152.141.231.228
971,Eula,Riggoll,eriggollqy@admin.ch,Polygender,30.111.118.27
972,Tades,Grimley,tgrimleyqz@shareasale.com,Male,254.231.201.159
973,Perkin,Kuscha,pkuschar0@eventbrite.com,Male,1.95.190.181
974,Candida,Triplow,ctriplowr1@constantcontact.com,Agender,184.192.111.185
975,Kata,Chasmoor,kchasmoorr2@seesaa.net,Female,156.158.116.90
976,Sig,Kelshaw,skelshawr3@netvibes.com,Male,26.60.49.136
977,Gherardo,Showler,gshowlerr4@parallels.com,Male,134.71.106.222
978,Devlin,Rous,drousr5@vk.com,Male,140.210.109.226
979,Dominique,Tytherton,dtythertonr6@fema.gov,Male,15.172.48.1
980,Reese,Oran,roranr7@smugmug.com,Male,127.152.93.244
981,Ripley,Evershed,revershedr8@1und1.de,Male,241.182.2.159
982,Tedra,Yosifov,tyosifovr9@fda.gov,Female,47.28.154.47
983,Amitie,Anthoine,aanthoinera@buzzfeed.com,Agender,132.35.79.216
984,Paulie,Dellenbach,pdellenbachrb@comcast.net,Male,130.102.235.174
985,Nata,Devine,ndevinerc@pen.io,Female,156.10.185.82
986,Fancie,MacKall,fmackallrd@sbwire.com,Female,72.229.172.237
987,Donovan,Liddyard,dliddyardre@com.com,Male,124.20.203.48
988,Denny,Stockport,dstockportrf@hhs.gov,Male,222.76.131.243
989,Ernst,Tuff,etuffrg@newsvine.com,Male,121.165.27.247
990,Bathsheba,Mowsdale,bmowsdalerh@jiathis.com,Female,78.193.146.27
991,Carmel,Boosey,cbooseyri@storify.com,Female,165.104.14.78
992,Nichol,Lillyman,nlillymanrj@rediff.com,Female,179.32.149.131
993,Marget,Orwell,morwellrk@trellian.com,Female,63.199.123.35
994,Annalee,Ritch,aritchrl@ucoz.com,Female,105.155.94.59
995,Modestia,Alejandre,malejandrerm@nps.gov,Female,170.182.231.127
996,Maddi,Huckstepp,mhuckstepprn@bandcamp.com,Female,95.126.35.18
997,Stuart,Spuner,sspunerro@com.com,Male,249.32.45.18
998,Cornall,Rozier,crozierrp@zimbio.com,Male,74.63.72.145
999,Chane,Bourdon,cbourdonrq@mapquest.com,Male,7.200.69.245
1000,Maybelle,Kareman,mkaremanrr@pbs.org,Female,164.174.220.194
